Name,xpos,ypos,zpos,hNode,tNode,pressure,pressure_mmHg,volume,cellvolume
1,135,3893.39990234375,10,0,0,1991.32897882932,14.9349673412199,73514.4902529612,64754140.6441265
2,464.399993896484,3885.30004882812,10,0,0,1978.90308796079,14.8417731597059,183990.048490524,0
3,307.799987792969,3780,10,0,0,2744.88410827215,20.5866308120411,23220.2108233202,296672244.542815
4,812.700012207031,3696.30004882812,10,0,0,1979.59105697554,14.8469329273165,229579.03410098,0
5,378,3947.39990234375,10,0,0,1813.2785523925,13.5995891429437,14799.3174121971,0
6,1223.09997558594,3431.69995117188,10,0,0,2073.04631195124,15.5478473396343,140194.514095584,0
7,818.099975585938,3831.30004882812,10,0,0,1952.76325711259,14.6457244283444,39193.1546912331,0
8,1387.80004882812,3210.30004882812,10,0,0,2157.77049551229,16.1832787163422,63624.9510309041,0
9,1344.59997558594,3531.60009765625,10,0,0,1556.56386693823,11.6742290020367,6195.26317318969,0
10,1476.90002441406,3180.60009765625,10,0,0,2166.45673258393,16.2484254943795,137851.770860671,0
11,1395.90002441406,3067.19995117188,10,0,0,2961.51856727782,22.2113892545836,7533.55714444428,10117457.2270693
12,2019.59997558594,2554.19995117188,10,0,0,2547.43354336335,19.1057515752251,104381.522884509,451073012.972225
13,1660.5,3364.19995117188,10,0,0,2120.41123314505,15.9030842485878,84804.2538350705,0
14,2500.19995117188,1822.5,10,0,0,5300.53073718215,39.7539805288662,11225.8625735062,128580827.242104
15,2146.5,2718.89990234375,10,0,0,2753.3693470743,20.6502701030573,57043.7116752634,0
16,2527.19995117188,1790.09997558594,10,0,0,5300.56777730634,39.7542583297975,10301.2165651808,0
17,2192.39990234375,1258.19995117188,10,0,0,5287.31474834838,39.6548606126128,16959.4893929032,0
18,2562.30004882812,1744.19995117188,10,0,0,5300.63944237531,39.7547958178148,20161.8651460014,0
19,2708.10009765625,1917,10,0,0,5296.7327184536,39.725495388402,10967.9400087958,0
20,2654.10009765625,1649.69995117188,10,0,0,5300.87281838449,39.7565461378837,21438.9514999491,0
21,2751.30004882812,1647,10,0,0,5301.08305211418,39.7581228908563,31890.5516811102,0
22,2643.30004882812,1447.19995117188,10,0,0,5296.76115662363,39.7257086746772,16163.3319181976,0
23,2961.89990234375,1566,10,0,0,5301.6790735446,39.7625930515845,25678.425420912,0
24,2986.19995117188,1852.19995117188,10,0,0,5299.2428732336,39.744321549252,8717.76355181586,0
25,2997,1557.90002441406,10,0,0,5301.75430529984,39.7631572897488,15489.0753229513,0
26,2999.69995117188,1026,10,0,0,5305.41976607888,39.7906482455916,9649.20635505255,0
27,3080.69995117188,1468.80004882812,10,0,0,5302.03610770751,39.7652708078063,32562.0158420687,0
28,3110.39990234375,1104.30004882812,10,0,0,5303.87250173924,39.7790437630443,36480.6616262975,0
29,3169.80004882812,1495.80004882812,10,0,0,5302.58417126953,39.7693812845214,6668.33082265187,0
30,3204.89990234375,947.700012207031,10,0,0,5304.11010281928,39.7808257711446,18388.3669463773,53494797.301109
31,3075.30004882812,1031.40002441406,10,0,0,5304.08795241485,39.7806596431114,24404.7926156869,0
32,3402,453.600006103516,10,0,0,5312.31708072086,39.8423781054064,14344.5518021352,16247779.3865234
33,3310.19995117188,1255.5,10,0,0,5306.49566466755,39.7987174850066,14254.7167592397,0
34,3607.19995117188,483.299987792969,10,0,0,5312.53128330048,39.8439846247536,25277.0534655568,0
35,3493.80004882812,548.099975585938,10,0,0,5309.52375165719,39.8214281374289,4018.1925531342,7799660.51157768
36,3712.5,486,10,0,0,5312.77204286934,39.8457903215201,11188.0029126159,0
37,3593.69995117188,828.900024414062,10,0,0,5308.73014351127,39.8154760763346,9345.74360757316,0
38,3704.39990234375,564.299987792969,10,0,0,5313.40220934937,39.8505165701203,14768.1390997975,0
39,3809.69995117188,556.200012207031,10,0,0,5313.45677202234,39.8509257901676,27309.9080875668,0
40,3931.19995117188,936.900024414062,10,0,0,5313.91869260757,39.8543901945568,404598.93574105,0
41,3515.39990234375,788.400024414062,10,0,0,5307.5838639352,39.806878979514,15324.6882000222,0
42,3550.5,1044.90002441406,10,0,0,5307.1967958555,39.8039759689163,81921.1153347959,0
43,3493.80004882812,683.099975585938,10,0,0,5307.6813962176,39.807610471632,9213.00809750424,6053841.11095027
44,3078,618.299987792969,10,0,0,5306.33876420039,39.797540731503,42622.1969606069,0
45,3280.5,1509.30004882812,10,0,0,5303.12261873466,39.77341964051,7206.20196969583,0
46,3277.80004882812,1655.09997558594,10,0,0,5302.89402679374,39.7717052009531,8673.91297824956,0
47,3310.19995117188,1387.80004882812,10,0,0,5303.25599828543,39.7744199871407,7136.09624382389,0
48,3402,1593,10,0,0,5303.4190722013,39.7756430415098,5894.7768238542,0
49,3026.69995117188,1952.09997558594,10,0,0,5298.40848338614,39.7380636253961,6104.39520342498,0
50,3099.60009765625,1962.90002441406,10,0,0,5297.73827256589,39.7330370442442,29694.8577291347,0
51,3348,2359.80004882812,10,0,0,5296.53579477488,39.7240184608116,9364.92905072023,0
52,3210.30004882812,2178.89990234375,10,0,0,5297.35242560376,39.7301431920282,11753.1593529347,0
53,3447.89990234375,2208.60009765625,10,0,0,5297.56038765197,39.7317029073898,36729.3388200209,0
54,2702.69995117188,1382.40002441406,10,0,0,5293.81452057423,39.7036089043067,30413.1833438944,0
55,2200.5,747.900024414062,10,0,0,5285.80398878984,39.6435299159238,191799.47517424,0
56,2586.60009765625,669.599975585938,10,0,0,5291.39012245456,39.6854259184092,12696.8390507078,375172473.856016
57,2394.89990234375,440.100006103516,10,0,0,5285.80942923583,39.6435707192687,123259.227263841,0
58,2551.5,413.100006103516,10,0,0,5286.15779418217,39.6461834563663,4077.29875659722,25306229.2928389
59,2899.80004882812,2106,10,0,0,5295.70269159426,39.7177701869569,6257.07085276152,67250231.4256396
60,2700,2270.69995117188,10,0,0,5287.50049350866,39.656253701315,9706.62578392476,0
61,3024,2359.80004882812,10,0,0,5290.76716481752,39.6807537361314,5346.98720216998,94363153.2808415
62,2419.19995117188,2907.89990234375,10,0,0,2922.19065012271,21.9164298759203,77169.0626169765,0
63,2259.89990234375,3304.80004882812,10,0,0,2863.05213936185,21.4728910452139,15105.399266854,0
64,2775.60009765625,2959.19995117188,10,0,0,3105.45139956125,23.2908854967094,85762.7191961546,0
65,2519.10009765625,3148.19995117188,10,0,0,2921.6197174578,21.9121478809335,12578.6629927407,0
66,3318.30004882812,2921.39990234375,10,0,0,3495.14183862554,26.2135637896915,79102.3008000144,0
67,3739.5,2691.89990234375,10,0,0,4186.90450101602,31.4017837576201,40578.1340167011,0
68,3350.69995117188,2953.80004882812,10,0,0,3416.94656353258,25.6270992264943,6162.65096465437,10772280.1176877
69,3790.80004882812,2651.39990234375,10,0,0,4275.70111150702,32.0677583363026,28761.1726775297,0
70,3596.39990234375,2332.80004882812,10,0,0,5279.63919491824,39.5972939618868,37576.3823518154,0
71,3885.30004882812,2686.5,10,0,0,4075.48895589507,30.566167169213,13582.2109170863,0
72,3882.60009765625,2327.39990234375,10,0,0,5003.21282637434,37.5240961978075,62758.1384329147,0
73,3909.60009765625,2727,10,0,0,3923.98752196948,29.4299064147711,12395.7030608868,0
74,4185,2143.80004882812,10,0,0,3998.50463254575,29.9887847440931,26948.1103804028,0
75,3793.5,2851.19995117188,10,0,0,3652.67534453096,27.3950650839822,9739.85712904007,0
76,4249.7998046875,2381.39990234375,10,0,0,3336.4645903646,25.0234844277345,19554.7204649628,0
77,3788.10009765625,2899.80004882812,10,0,0,3497.99922085856,26.2349941564392,6020.25234110332,0
78,3690.89990234375,2899.80004882812,10,0,0,3180.17892054492,23.8513419040869,30952.0654277902,0
79,4430.7001953125,1447.19995117188,10,0,0,5326.91491120787,39.951861834059,204303.914209599,0
80,4031.10009765625,2127.60009765625,10,0,0,5072.47845032957,38.0435883774717,66827.6627506878,0
81,4320,1371.59997558594,10,0,0,5323.32041428184,39.9249031071138,422763.367518559,0
82,3955.5,1633.5,10,0,0,5312.05777411636,39.8404333058727,467543.435360626,0
83,3564,3110.39990234375,10,0,0,3214.59185982239,24.109438948668,5160.08284615479,68138524.1865953
84,3402,3199.5,10,0,0,2939.27591944137,22.0445693958102,36616.7033556354,0
85,3631.5,3348,10,0,0,2873.05944369384,21.5479458277038,93671.6040297869,0
86,1941.30004882812,3650.39990234375,10,0,0,2018.64068859839,15.1398051644879,144444.249577313,901366817.174622
87,1725.30004882812,3285.89990234375,10,0,0,2380.22473958298,17.8516855468723,2719.65293760316,1804666.95382752
88,2354.39990234375,3715.19995117188,10,0,0,2671.9368002133,20.0395260015997,8989.49770189228,28998418.5331848
89,2327.39990234375,4471.2001953125,10,0,0,1706.02744905604,12.7952058679203,123028.494670614,0
90,2448.89990234375,3869.10009765625,10,0,0,2669.91501900484,20.0243626425363,44948.2729111879,0
91,2578.5,3647.69995117188,10,0,0,2813.29337278218,21.0997002958663,8277.86361838131,0
92,2810.69995117188,4006.80004882812,10,0,0,2668.08345900173,20.010625942513,43233.3332689859,0
93,2459.69995117188,4268.7001953125,10,0,0,2826.89317678986,21.201698825924,73593.3054839423,0
94,2934.89990234375,4031.10009765625,10,0,0,2662.86382366274,19.9714786774706,36509.3389625467,0
95,2875.5,3780,10,0,0,2790.20196583518,20.9265147437638,13732.6156525803,0
96,3169.80004882812,3690.89990234375,10,0,0,2675.59271703404,20.0669453777553,62341.1875164736,0
97,2926.80004882812,4106.7001953125,10,0,0,2659.60131424968,19.9470098568726,31366.1869392347,0
98,3499.19995117188,3807,10,0,0,2665.48477846524,19.9911358384893,46668.6816858742,0
99,3248.10009765625,3377.69995117188,10,0,0,2871.59611585061,21.5369708688796,417001.31904286,0
100,3769.19995117188,3777.30004882812,10,0,0,2705.85310250311,20.2938982687733,13497.7540132902,0
101,3464.10009765625,4182.2998046875,10,0,0,2527.10883640195,18.9533162730146,17519.0143147606,0
102,3847.5,3712.5,10,0,0,2710.60981502174,20.3295736126631,21057.5990485676,0
103,3564,3404.69995117188,10,0,0,2872.99152039364,21.5474364029523,97142.4753641651,0
104,3950.10009765625,3639.60009765625,10,0,0,2681.9594132558,20.1146955994185,13477.0538768836,0
105,3715.19995117188,3307.5,10,0,0,2873.09901027102,21.5482425770326,156260.440382459,0
106,4044.60009765625,3453.30004882812,10,0,0,2726.55642098119,20.4491731573589,12105.8627632343,0
107,3958.19995117188,3674.69995117188,10,0,0,2578.50416738563,19.3387812553922,9566.7371346181,0
108,4098.60009765625,3412.80004882812,10,0,0,2805.49185264157,21.0411888948118,8282.70922575335,0
109,3839.39990234375,3140.10009765625,10,0,0,2873.56410102826,21.5517307577119,171823.533765555,0
110,4101.2998046875,3331.80004882812,10,0,0,2811.72317242972,21.0879237932229,7167.29511925965,0
111,4117.5,3256.19995117188,10,0,0,2847.64783400344,21.3573587550258,6784.33789095228,0
112,3971.69995117188,3150.89990234375,10,0,0,2873.78674924537,21.5534006193402,120909.279383549,0
113,3974.39990234375,3763.80004882812,10,0,0,2499.59851270891,18.7469888453168,14509.9483107519,0
114,4249.7998046875,3947.39990234375,10,0,0,2433.00784873217,18.2475588654913,33433.6544526096,65782615.8590932
115,4131,4028.39990234375,10,0,0,2432.5734313,18.24430073475,60012.1412762773,0
116,3888,3936.60009765625,10,0,0,2431.82563033211,18.2386922274908,216403.321634801,0
117,2953.80004882812,4425.2998046875,10,0,0,2650.35576310637,19.8776682232978,22241.4453484618,0
118,3339.89990234375,4147.2001953125,10,0,0,2543.92834317381,19.0794625738036,16051.521522593,0
119,2986.19995117188,4441.5,10,0,0,2640.078806201,19.8005910465075,24627.9332276303,0
120,2705.39990234375,4509,10,0,0,2734.49864386907,20.508739829018,58395.8831673418,0
121,3326.39990234375,4328.10009765625,10,0,0,2592.80237234849,19.4460177926137,21450.8755153636,0
122,3072.60009765625,4692.60009765625,10,0,0,2660.70935063926,19.9553201297944,29843.4498649398,0
123,3442.5,4344.2998046875,10,0,0,2569.19784268946,19.268983820171,7934.69220800041,0
124,3485.69995117188,4225.5,10,0,0,2516.00518454076,18.8700388840557,9991.0980998022,0
125,3510,4641.2998046875,10,0,0,2453.71468450129,18.4028601337597,16419.4253664109,0
126,2991.60009765625,4824.89990234375,10,0,0,2679.93054512609,20.0994790884457,64940.282821591,0
127,2354.39990234375,3447.89990234375,10,0,0,2864.92081935937,21.4869061451952,363181.400488234,0
128,2419.19995117188,4687.2001953125,10,0,0,1641.90588916931,12.3142941687698,42620.5084344242,0
129,2138.39990234375,4573.7998046875,10,0,0,1287.87903329544,9.65909274971578,9751.42221322269,0
130,2400.30004882812,4746.60009765625,10,0,0,1551.6942144644,11.637706608483,34536.9600331024,0
131,2597.39990234375,4784.39990234375,10,0,0,1737.95827555703,13.0346870666777,43418.1067493629,0
132,2619,5216.39990234375,10,0,0,660.155583944637,4.95116687958478,61199.2299786138,0
133,2241,4957.2001953125,10,0,0,572.159281899221,4.29119461424416,10360.4011988781,0
134,2886.30004882812,5764.5,10,0,0,45.1714792400599,0.338786094300449,36546.4557603805,143374486.526061
135,2457,5292,10,0,0,204.790437881835,1.53592828411376,16419.1763340928,0
136,2940.30004882812,5845.5,10,0,0,-75.4734965194948,-0.566051223896211,25781.8012794757,10364448.0494062
137,2430,5273.10009765625,10,0,0,190.478196880314,1.42858647660236,12751.6388943625,0
138,2343.60009765625,5605.2001953125,10,0,0,-96.2122742435895,-0.721592056826921,334533.66069929,0
139,2151.89990234375,4976.10009765625,10,0,0,541.342708451673,4.06007031338755,7981.86298433543,0
140,2203.19995117188,5086.7998046875,10,0,0,139.163311435375,1.04372483576532,13487.8927058514,0
141,2678.39990234375,4986.89990234375,10,0,0,1793.33290664502,13.4499967998377,61108.7888757241,0
142,2691.89990234375,4479.2998046875,10,0,0,2760.38042526995,20.7028531895246,36180.1781890248,0
143,2818.80004882812,5184,10,0,0,1818.49479116173,13.638710933713,64040.9472316242,0
144,2967.30004882812,4873.5,10,0,0,2654.49349637097,19.9087012227823,10332.9570731145,19935411.662911
145,3007.80004882812,5418.89990234375,10,0,0,1881.67953712353,14.1125965284265,38966.4139164069,149945619.304938
146,3221.10009765625,5148.89990234375,10,0,0,2026.23950766027,15.196796307452,32262.0666596041,0
147,3272.39990234375,5740.2001953125,10,0,0,2005.69704182446,15.0427278136834,38747.6908150816,0
148,3456,5991.2998046875,10,0,0,2091.98900016351,15.6899175012263,14873.2996674499,0
149,3531.60009765625,5834.7001953125,10,0,0,2127.41741007869,15.9556305755902,19876.4019583791,0
150,3699,6169.5,10,0,0,2241.98500538105,16.8148875403579,8142.45397299637,0
151,3407.39990234375,5564.7001953125,10,0,0,2164.64461661689,16.2348346246267,15484.304451703,0
152,3388.5,5076,10,0,0,2180.25747950841,16.3519310963131,25703.0108542527,0
153,3472.19995117188,5416.2001953125,10,0,0,2254.32513681147,16.907438526086,5667.83261958727,0
154,3609.89990234375,5502.60009765625,10,0,0,2297.74640123383,17.2330980092537,6757.15945664896,0
155,3501.89990234375,5378.39990234375,10,0,0,2260.31158925244,16.9523369193933,11718.9204633121,0
156,3588.30004882812,4681.7998046875,10,0,0,2412.47450387175,18.0935587790381,19755.0733236216,0
157,2073.60009765625,4725,10,0,0,985.620534554822,7.39215400916117,9454.12886668284,0
158,2070.89990234375,4536,10,0,0,1023.34194892552,7.67506461694138,8015.37234749299,0
159,1296,2916,10,0,0,5183.23930365453,38.8742947774089,6852.91366170843,15931301.6904624
160,1250.09997558594,3083.39990234375,10,0,0,4941.09216449541,37.0581912337155,10449.2702041447,0
161,1220.40002441406,2697.30004882812,10,0,0,5179.6597716957,38.8474482877178,20792.1857354227,0
162,1393.19995117188,2870.10009765625,10,0,0,5193.47402267788,38.9510551700841,34212.6365055613,0
163,882.900024414062,2589.30004882812,10,0,0,5106.30118637087,38.2972588977815,36185.8752051038,0
164,1069.19995117188,2354.39990234375,10,0,0,5257.77843410551,39.4333382557913,30180.528952157,0
165,1382.40002441406,3634.19995117188,10,0,0,1264.29112973204,9.48218347299029,5488.61187458133,0
166,1455.30004882812,3672,10,0,0,959.53896764596,7.1965422573447,4311.24323060497,0
167,1166.40002441406,3682.80004882812,10,0,0,1344.04911094904,10.0803683321178,13226.6078343932,0
168,845.099975585938,3915,10,0,0,1926.26616012235,14.4469962009176,29211.5673825724,6907729.88595638
169,909.900024414062,3798.89990234375,10,0,0,1699.87640973157,12.7490730729868,3957.79869065936,5539819.42780995
170,969.299987792969,4017.60009765625,10,0,0,1829.06824421836,13.7180118316377,28279.6254786905,0
171,429.299987792969,4711.5,10,0,0,-3990.8225744688,-29.931169308516,11692.0900931606,4083254.1227738
172,963.900024414062,4058.10009765625,10,0,0,1815.39950834215,13.6154963125661,6792.04166649054,1988969.30376928
173,1217.69995117188,4025.69995117188,10,0,0,1119.94452439249,8.39958393294364,12159.8014415933,0
174,1225.80004882812,4519.7998046875,10,0,0,-2854.6402775473,-21.4098020816047,32873.6457355548,39829720.733412
175,893.700012207031,4160.7001953125,10,0,0,654.120701490901,4.90590526118176,43347.8299963562,0
176,1414.80004882812,4835.7001953125,10,0,0,-2799.90064687748,-20.9992548515811,103207.758198307,0
177,1144.80004882812,4557.60009765625,10,0,0,-3046.56183356978,-22.8492137517733,35854.0692149873,0
178,1849.5,5405.39990234375,10,0,0,-2903.36248383392,-21.7752186287544,73465.2160400975,383877489.894158
179,1433.69995117188,4673.7001953125,10,0,0,-1733.43127373839,-13.0007345530379,9383.23884900971,0
180,2008.80004882812,6069.60009765625,10,0,0,-2700.92341852607,-20.2569256389455,11755.63034572,3591950.33982018
181,1752.30004882812,5653.7998046875,10,0,0,-4299.63473696867,-32.247260527265,8062.55246939977,0
182,2022.30004882812,6196.5,10,0,0,-2784.71414510766,-20.8853560883075,34216.0198874125,0
183,2073.60009765625,6104.7001953125,10,0,0,-2488.6899677394,-18.6651747580455,10533.6539057496,0
184,2238.30004882812,6480,10,0,0,-1031.37295493577,-7.73529716201825,34882.7320905196,0
185,1771.19995117188,6120.89990234375,10,0,0,-4373.6203723033,-32.8021527922747,53586.7998826332,0
186,2511,6666.2998046875,10,0,0,-719.188502193429,-5.39391376645071,10670.9502982468,0
187,2459.69995117188,6517.7998046875,10,0,0,-633.440349510871,-4.75080262133153,20397.4651822319,0
188,2613.60009765625,6720.2998046875,10,0,0,-429.21601489326,-3.21912011169945,10040.4010086799,0
189,2519.10009765625,6471.89990234375,10,0,0,-383.315020156093,-2.8748626511707,28364.2451180222,0
190,2751.30004882812,6785.10009765625,10,0,0,-184.560048144776,-1.38420036108582,7434.6960926498,0
191,1660.5,6604.2001953125,10,0,0,-5018.18105356488,-37.6363579017366,21056.4700062801,0
192,1582.19995117188,5807.7001953125,10,0,0,-4931.13049468119,-36.9834787101089,59683.8970899765,0
193,1487.69995117188,6625.7998046875,10,0,0,-5213.05305940798,-39.0978979455598,140231.570806979,0
194,1574.09997558594,6790.5,10,0,0,-5184.71674111253,-38.8853755583439,17831.8912027678,24832320.4882123
195,2141.10009765625,6107.39990234375,10,0,0,-1667.65199636295,-12.5073899727222,4253.52246888654,0
196,1825.19995117188,5840.10009765625,10,0,0,-4153.20908700489,-31.1490681525366,11241.4936266599,0
197,2235.60009765625,6139.7998046875,10,0,0,-756.775897858199,-5.67581923393649,18121.7465623708,0
198,2162.69995117188,6018.2998046875,10,0,0,-471.323574672453,-3.5349268100434,11326.7631575741,0
199,2446.19995117188,6048,10,0,0,-317.863495275378,-2.38397621456534,15334.9117457401,0
200,2570.39990234375,6318,10,0,0,-275.825741550885,-2.06869306163164,47162.5073209464,0
201,2508.30004882812,6080.39990234375,10,0,0,-298.155551963951,-2.23616663972964,9051.96814250901,0
202,2319.30004882812,5948.10009765625,10,0,0,-239.380448610988,-1.79535336458241,19087.6855284933,0
203,2629.80004882812,6188.39990234375,10,0,0,-211.273544726893,-1.5845515854517,39746.6434336714,0
204,2756.69995117188,5945.39990234375,10,0,0,-122.554573991802,-0.919159304938512,102970.662171491,0
205,2297.69995117188,5867.10009765625,10,0,0,-145.734109079931,-1.09300581809948,33120.274112812,0
206,1725.30004882812,5664.60009765625,10,0,0,-4389.13723920612,-32.9185292940459,5782.45066046699,0
207,1738.80004882812,5802.2998046875,10,0,0,-4673.99170963001,-35.054937822225,7896.39342417875,0
208,1633.5,5786.10009765625,10,0,0,-4805.27952866629,-36.0395964649972,9049.12783094049,0
209,1495.80004882812,4689.89990234375,10,0,0,-927.961692475248,-6.95971269356436,12338.1879961695,0
210,1444.5,4330.7998046875,10,0,0,136.996115062851,1.02747086297139,45578.4530792195,0
211,1914.30004882812,5054.39990234375,10,0,0,-76.0004918868653,-0.57000368915149,537374.78355839,0
212,1512,4328.10009765625,10,0,0,83.8371962527744,0.628778971895808,12089.261335345,0
213,707.400024414062,4573.7998046875,10,0,0,-841.852657048963,-6.31389492786722,16720.8616247412,0
214,1250.09997558594,5448.60009765625,10,0,0,-4687.06704931194,-35.1530028698395,73549.4388474274,0
215,1279.80004882812,4050,10,0,0,1024.70992994006,7.68532447455043,9617.56226584067,0
216,1250.09997558594,3960.89990234375,10,0,0,1092.9105219373,8.19682891452976,15548.0007356703,0
217,1449.90002441406,4104,10,0,0,559.173825860023,4.19380369395018,9539.73049270728,0
218,1404,4036.5,10,0,0,811.265239347471,6.08448929510603,6325.50463659676,0
219,1579.5,4274.10009765625,10,0,0,-17.4648647727445,-0.130986485795584,13579.3970209645,0
220,1471.5,4033.80004882812,10,0,0,553.157172143459,4.14867879107594,6782.53106390235,0
221,1493.09997558594,3904.19995117188,10,0,0,655.435332361143,4.91576499270857,4848.86053482239,0
222,1466.09997558594,3807,10,0,0,797.686999247875,5.98265249435906,9955.26439554924,0
223,372.600006103516,4789.7998046875,10,0,0,-3991.82513309317,-29.9386884981988,20828.9760935069,702520796.322603
224,521.099975585938,4779,10,0,0,-3962.68656307319,-29.7201492230489,42720.9162312294,0
225,1001.70001220703,5707.7998046875,10,0,0,-5033.39340415457,-37.7504505311593,13965.1376541217,880752421.700991
226,1166.40002441406,5807.7001953125,10,0,0,-5141.27406924032,-38.5595555193024,8826.72585883886,19123870.2933476
227,893.700012207031,3399.30004882812,10,0,0,4343.90867252764,32.5793150439573,24846.615834566,0
228,912.599975585938,3350.69995117188,10,0,0,4391.91897258535,32.9393922943901,7415.95092311149,0
229,1066.5,3510,10,0,0,4729.46903688041,35.4710177766031,23317.7747847653,97208838.0792968
230,874.799987792969,3202.19995117188,10,0,0,4681.49184280407,35.1111888210305,15901.4213897378,0
231,1228.5,3126.60009765625,10,0,0,4920.55246205075,36.9041434653806,24249.8111210924,0
232,702,2862,10,0,0,5039.97481766192,37.7998111324644,19223.7374348292,57237518.7734402
233,1069.19995117188,2870.10009765625,10,0,0,5074.7351032804,38.060513274603,59933.1063203575,0
234,2816.10009765625,151.199996948242,10,0,0,5306.28953151792,39.7971714863844,6614.93725431234,2608842.70006641
235,2870.10009765625,264.600006103516,10,0,0,5306.29356621488,39.7972017466116,21160.9214019834,0
236,2770.19995117188,183.600006103516,10,0,0,5306.28889916491,39.7971667437368,10611.2821730048,0
237,2880.89990234375,545.400024414062,10,0,0,5306.29398470443,39.7972048852832,16007.046139871,0
238,2967.30004882812,556.200012207031,10,0,0,5306.31401626221,39.7973551219666,18918.0007820385,0
239,2713.5,183.600006103516,10,0,0,5306.28744375252,39.7971558281439,11751.1584276693,22802565.0681665
240,2735.10009765625,507.600006103516,10,0,0,5306.28082439574,39.7971061829681,19203.6930531635,0
241,1468.80004882812,1755,10,0,0,5228.03982121858,39.2102986591394,4619.28039926868,1631459.27668559
242,1541.69995117188,1854.90002441406,10,0,0,5234.62568209262,39.2596926156947,11471.9629798233,0
243,1441.80004882812,1771.19995117188,10,0,0,5224.23656174965,39.1817742131224,7722.47442657607,0
244,1544.40002441406,2135.69995117188,10,0,0,5266.13440904602,39.4960080678451,9433.33073110718,0
245,1665.90002441406,1944,10,0,0,5244.56085709247,39.3342064281935,23104.0234218854,0
246,1536.30004882812,2208.60009765625,10,0,0,5267.42750364779,39.5057062773584,11433.4484556735,0
247,1422.90002441406,2235.60009765625,10,0,0,5272.8437239006,39.5463279292545,248624.60023454,0
248,1641.59997558594,2621.69995117188,10,0,0,5269.09320862508,39.5181990646881,16472.5102065446,0
249,2157.30004882812,2362.5,10,0,0,5282.56424687416,39.6192318515562,1080670.81702714,0
250,1212.30004882812,2070.89990234375,10,0,0,5252.4014742717,39.3930110570377,12263.0400642146,0
251,1279.80004882812,1779.30004882812,10,0,0,5172.75889663363,38.7956917247523,131931.673198967,9798354.99013459
252,1312.19995117188,2249.10009765625,10,0,0,5263.10292110207,39.4732719082655,24701.5967575347,0
253,556.200012207031,1649.69995117188,10,0,0,5166.013887404,38.74510415553,29510.5238249238,70524619.3386432
254,707.400024414062,1892.69995117188,10,0,0,5163.03600568173,38.722770042613,44926.8269549268,0
255,823.5,1690.19995117188,10,0,0,5168.82685934292,38.7662014450719,62271.9482162763,0
256,2837.69995117188,6947.10009765625,10,0,0,-158.816573880147,-1.1911243041011,17423.097382794,43381900.1375532
257,2883.60009765625,6660.89990234375,10,0,0,-152.977453781292,-1.14733090335969,26630.3503372624,0
258,3402,6963.2998046875,10,0,0,-142.826330571435,-1.07119747928577,13979.9995505933,45044154.2656931
259,3348,6863.39990234375,10,0,0,-142.834479016718,-1.07125859262538,20307.5907737363,0
260,3342.60009765625,6601.5,10,0,0,-142.576978128869,-1.06932733596652,30231.5929028381,0
261,3307.5,6723,10,0,0,-142.811998101417,-1.07108998576063,13938.1360746909,0
262,3210.30004882812,6677.10009765625,10,0,0,-142.983582641464,-1.07237686981098,19126.7890970784,0
263,256.5,4104,10,0,0,1649.70492313849,12.3727869235387,13695.7034813977,49915193.2784156
264,553.5,4139.10009765625,10,0,0,1047.77681519464,7.85832611395977,19100.1211105223,0
265,1417.5,2330.10009765625,10,0,0,5272.85039573343,39.5463779680007,457375.75798521,0
266,3456,1277.09997558594,10,0,0,5307.01980011303,39.8026485008477,11199.3965834806,0
267,3415.5,1668.59997558594,10,0,0,5303.04044800008,39.7728033600006,17253.356482445,0
268,1779.30004882812,3258.89990234375,10,0,0,2572.90953302523,19.2968214976892,7806.35284457072,13534228.8796787
269,2003.40002441406,5292,10,0,0,-86.180433510337,-0.646353251327528,357596.247432901,0
270,3780,6180.2998046875,10,0,0,2338.81926377979,17.5411444783484,4226.52851502858,2072960.69664582
271,3423.60009765625,6431.39990234375,10,0,0,-132.724698321894,-0.995435237414204,5868.39835297184,36432465.2254602
272,1017.90002441406,3709.80004882812,10,0,0,1481.64826068585,11.1123619551439,5349.89476141831,6393923.59357222
273,2084.39990234375,1231.19995117188,10,0,0,5285.79447296563,39.6434585472422,639807.102695732,0
274,3896.10009765625,818.099975585938,10,0,0,5313.91567027411,39.8543675270558,86064.5611028617,28006476.9038131
275,3445.19995117188,904.5,10,0,0,5307.18677422305,39.8039008066728,92411.0991855867,0
276,3118.5,413.100006103516,10,0,0,5306.83560063338,39.8012670047503,43837.7617506893,32737370.9548415
277,3337.19995117188,1733.40002441406,10,0,0,5302.9547588292,39.772160691219,8825.33692162901,0
278,3437.10009765625,2473.19995117188,10,0,0,5296.18308267233,39.7213731200425,834974.820811099,0
279,3488.39990234375,2327.39990234375,10,0,0,5297.52558776911,39.7314419082683,207514.816398953,0
280,2127.60009765625,850.5,10,0,0,5285.80189300619,39.6435141975464,147171.999275025,7751663.99622458
281,2300.39990234375,567,10,0,0,5285.80695895149,39.6435521921361,178903.310686234,22770508.8010317
282,2413.80004882812,396.899993896484,10,0,0,5285.80952725864,39.6435714544398,31525.9609075906,3082551.51403575
283,2546.10009765625,2308.5,10,0,0,5285.71372219458,39.6428529164594,509335.897387044,0
284,2157.30004882812,3415.5,10,0,0,2864.19862704957,21.4814897028718,541861.028986748,0
285,3547.80004882812,2305.80004882812,10,0,0,5298.06594039255,39.7354945529441,395853.158516015,0
286,4274.10009765625,2799.89990234375,10,0,0,2875.23347709444,21.5642510782083,191526.388193797,206436555.992306
287,3987.89990234375,1539,10,0,0,5313.93461285082,39.8545095963811,713854.163395461,0
288,3350.69995117188,3250.80004882812,10,0,0,2872.8698997756,21.546524248317,327574.246066646,0
289,2227.5,4109.39990234375,10,0,0,2860.03043796029,21.4502282847022,376644.612833705,293287222.658093
290,2781,3329.10009765625,10,0,0,2868.06205865787,21.510465439934,599831.923861791,0
291,3480.30004882812,3458.69995117188,10,0,0,2872.92144038621,21.5469108028966,262984.758820235,20180233.0441875
292,4144.5,3202.19995117188,10,0,0,2861.26173647167,21.4594630235375,12010.1293459933,4797220.74236884
293,4033.80004882812,3083.39990234375,10,0,0,2873.96691664797,21.5547518748598,236953.102318042,0
294,4023,4114.7998046875,10,0,0,2432.04105100571,18.2403078825428,119869.914282498,21595794.2448211
295,3639.60009765625,4212,10,0,0,2428.53649722156,18.2140237291617,230229.331678677,0
296,2278.80004882812,3507.30004882812,10,0,0,2864.35825001285,21.4826868750964,538614.342883948,0
297,2754,5886,10,0,0,-118.223526966292,-0.886676452247193,205722.27381725,0
298,2373.30004882812,5680.7998046875,10,0,0,-100.555837502237,-0.754168781266781,224114.844165169,0
299,2108.69995117188,5081.39990234375,10,0,0,56.3981662075967,0.422986246556975,10925.5502644359,0
300,3742.19995117188,5599.7998046875,10,0,0,2388.64508453431,17.9148381340073,17982.9503452213,0
301,3755.69995117188,5340.60009765625,10,0,0,2401.52084866492,18.0114063649869,60986.1458949421,0
302,3645,4641.2998046875,10,0,0,2419.59593790444,18.1469695342833,119157.892335951,0
303,2127.60009765625,4268.7001953125,10,0,0,-57.9738240176812,-0.434803680132609,128464.56245317,57984138.5464898
304,1271.69995117188,3005.10009765625,10,0,0,5078.62716560939,38.0897037420704,66472.5218895818,0
305,1463.40002441406,2762.10009765625,10,0,0,5272.88818187782,39.5466613640836,328314.654026156,0
306,990.900024414062,2799.89990234375,10,0,0,5072.4957274239,38.0437179556792,37213.5891632803,0
307,1471.5,3739.5,10,0,0,748.51986177545,5.61389896331588,14082.1550634283,0
308,1080,3620.69995117188,10,0,0,1394.28364862618,10.4571273646964,6329.5278426896,4217579.25885835
309,791.099975585938,4203.89990234375,10,0,0,643.980926255463,4.82985694691597,21063.183506774,0
310,1452.59997558594,5618.7001953125,10,0,0,-5128.63124187244,-38.4647343140433,176563.202398437,0
311,1212.30004882812,6331.5,10,0,0,-5216.64750877302,-39.1248563157977,430415.992695225,0
312,2767.5,6185.7001953125,10,0,0,-141.949770666659,-1.06462327999994,135219.398600864,0
313,1671.30004882812,4303.7998046875,10,0,0,-61.8500027311966,-0.463875020483974,670590.408165162,0
314,1979.09997558594,5116.5,10,0,0,-77.2250469587743,-0.579187852190807,70371.6858213806,1127716.28584083
315,1495.80004882812,3974.39990234375,10,0,0,521.205238027032,3.90903928520274,15283.1625492791,0
316,1325.69995117188,5859,10,0,0,-5152.99571962981,-38.6474678972235,289541.253951663,0
317,788.400024414062,2754,10,0,0,5053.20391177331,37.8990293382998,25797.1240836284,17553680.3894178
318,2106,969.299987792969,10,0,0,5285.79966959434,39.6434975219576,217663.683169203,26547495.0997704
319,3253.5,583.200012207031,10,0,0,5306.9831142636,39.802373356977,49386.7450675383,21872279.1220925
320,3334.5,712.799987792969,10,0,0,5307.08603231865,39.8031452423899,56487.2036452803,22732266.5115256
321,2910.60009765625,572.400024414062,10,0,0,5306.29912987836,39.7972434740877,12747.6075196865,0
322,2794.5,567,10,0,0,5306.27871948648,39.7970903961486,10550.8992209139,0
323,1393.19995117188,2143.80004882812,10,0,0,5272.83843208317,39.5462882406238,131897.032830545,6317457.19858095
324,1476.90002441406,2605.5,10,0,0,5272.87476667054,39.546560750029,530777.925791528,0
325,1271.69995117188,1671.30004882812,10,0,0,5172.75390390918,38.7956542793188,168545.365101946,74588023.477475
326,3037.5,6272.10009765625,10,0,0,-142.048699101433,-1.06536524326075,46456.4895076551,0
327,2961.89990234375,6466.5,10,0,0,-143.914577817079,-1.07935933362809,39461.2940908774,0
328,3518.10009765625,1242,10,0,0,5307.23218477286,39.8042413857965,159934.420797761,0
329,1906.19995117188,3032.10009765625,10,0,0,2863.74464641162,21.4780848480872,413620.485608798,160989534.557667
330,1998,5140.7998046875,10,0,0,-79.0797640606761,-0.593098230455071,79283.8589973204,0
331,3812.39990234375,6099.2998046875,10,0,0,2357.59560624929,17.6819670468697,11378.7814716865,4020461.86631727
332,3858.30004882812,5985.89990234375,10,0,0,2364.35859372653,17.732689452949,22935.8028170476,13754122.6590929
333,3933.89990234375,5805,10,0,0,2373.5097960697,17.8013234705228,31444.0337945221,46403339.8537005
334,2856.60009765625,810,10,0,0,5306.09918432895,39.7957438824671,17096.2043502469,0
335,4563,1406.69995117188,10,1,0,5332.9,39.99675,172220.483963415,0
336,3636.89990234375,1757.69995117188,10,0,0,5307.32696818492,39.8049522613869,672218.099630771,0
337,3645,3839.39990234375,10,0,0,2430.97767128609,18.2323325346457,235403.720320912,109960820.331836
338,1425.59997558594,5553.89990234375,10,0,0,-5127.79018268036,-38.4584263701027,41988.0464947484,9325355.59268738
339,1493.09997558594,2862,10,0,0,5273.44236873495,39.5508177655121,797725.501701357,353301425.676463
340,2562.30004882812,2354.39990234375,10,0,0,5285.70704557902,39.6428028418426,1099750.82776566,0
341,3480.30004882812,1879.19995117188,10,0,0,5303.02071670856,39.7726553753142,32924.0155782903,0
342,3372.30004882812,6385.5,10,0,0,-134.332219298463,-1.00749164473847,32660.8177213018,0
343,3647.69995117188,4687.2001953125,10,0,0,2418.25160596985,18.1368870447739,139440.190206319,0
344,3771.89990234375,5246.10009765625,10,0,0,2404.29415497533,18.032206162315,145306.966848001,0
345,4101.2998046875,5135.39990234375,10,0,0,2404.49637991283,18.0337228493462,32026.8966141427,342612351.04608
346,3817.80004882812,5265,10,0,0,2404.32028310536,18.0324021232902,28030.7073863459,19971176.1613388
347,3801.60009765625,5551.2001953125,10,0,0,2394.77667690394,17.9608250767796,61861.4575541775,0
348,1925.09997558594,4141.7998046875,10,0,0,-58.8243041262031,-0.441182280946523,328060.207213996,0
349,1741.5,4009.5,10,0,0,257.85108632315,1.93388314742362,33148.1242932123,0
350,2975.39990234375,6166.7998046875,10,0,0,-141.933279681485,-1.06449959761114,67000.9901156688,0
351,3051,6237,10,0,0,-141.931687214877,-1.06448765411158,52499.9523237645,0
352,850.5,6228.89990234375,10,0,1,-5265.18713161955,-39.4889034871466,270989.939770459,0
353,3591,1976.40002441406,10,0,0,5303.01638863063,39.7726229147297,536488.967135576,0
